<?xml version="1.0" encoding="UTF-8"?>
<mule xmlns="http://www.mulesoft.org/schema/mule/core" xmlns:doc="http://www.mulesoft.org/schema/mule/documentation" xmlns:xsi="http://www.w3.org/2001/XMLSchema-instance" xmlns:http="http://www.mulesoft.org/schema/mule/http" xmlns:ee="http://www.mulesoft.org/schema/mule/ee/core" xsi:schemaLocation="http://www.mulesoft.org/schema/mule/core http://www.mulesoft.org/schema/mule/core/current/mule.xsd
  http://www.mulesoft.org/schema/mule/http http://www.mulesoft.org/schema/mule/http/current/mule-http.xsd
  http://www.mulesoft.org/schema/mule/ee/core http://www.mulesoft.org/schema/mule/ee/core/current/mule-ee.xsd">

  <!-- Sub-flow to Authenticate with Anypoint Platform -->
  <sub-flow name="authenticate-anypoint-platform" doc:id="authenticate-anypoint-platform">
    <!-- Prepare OAuth2 Request Body -->
    <set-payload value="#[output application/json
---
{
	client_id: p('anypoint.client.id'),
	client_secret: p('anypoint.client.secret'),
	grant_type: 'client_credentials'
}]" doc:name="Set OAuth2 Request Body" />

    <!-- Call Token Endpoint -->
    <http:request method="POST" doc:name="Get OAuth2 Token" config-ref="Anypoint_Platform_API_Config" path="/accounts/api/v2/oauth2/token">
      <http:headers>
        <![CDATA[#[output application/java
---
{
	"Content-Type" : "application/json"
}]]]>
      </http:headers>
    </http:request>

    <!-- Log OAuth2 Response -->
    <logger level="INFO" doc:name="Log OAuth2 Response" message="#[output application/java --- 'OAuth2 Token Response: ' ++ write(payload, 'application/json')]" />

    <!-- Extract access token from response -->
    <ee:transform doc:name="Extract Token">
      <ee:message></ee:message>
      <ee:variables>
        <ee:set-variable variableName="authToken">
          <![CDATA[%dw 2.0
output application/java
---
payload.access_token]]>
        </ee:set-variable>
      </ee:variables>
    </ee:transform>

    <!-- Log Extracted Token -->
    <logger level="INFO" doc:name="Log Extracted Token" message="#[output application/java --- 'Extracted Auth Token: ' ++ vars.authToken]" />
  </sub-flow>
  
  <!-- Main Flow to Get Running Applications with Metrics -->
  <flow name="get-apps-flow" doc:id="get-apps-flow">
    <http:listener doc:name="GET /apps" config-ref="HTTP_Listener_config" path="/apps" allowedMethods="GET" />
    
    <!-- Store Query Parameters -->
    <set-variable value="#[attributes.queryParams.orgId default '']" doc:name="Set orgId" variableName="orgId" />
    <set-variable value="#[attributes.queryParams.envId default '']" doc:name="Set envId" variableName="envId" />

    <!-- Store Time Range Parameters with Defaults (24 hours, 1-minute intervals) -->
    <set-variable value="#[attributes.queryParams.timeRange default '24h']" doc:name="Set Time Range" variableName="timeRange" />
    <set-variable value="#[attributes.queryParams.interval default '1m']" doc:name="Set Interval" variableName="interval" />

    <!-- Log Time Range Parameters -->
    <logger level="INFO" doc:name="Log Time Range" message="#[output application/java --- 'Time Range Parameters - Range: ' ++ vars.timeRange ++ ', Interval: ' ++ vars.interval]" />

    <!-- Extract Bearer Token from Authorization Header (for Monitoring APIs) -->
    <set-variable value="#[attributes.headers.Authorization default '']" doc:name="Extract Authorization Header" variableName="userBearerToken" />

    <!-- Validate Authorization Header -->
    <choice doc:name="Check Authorization Header">
      <when expression="#[isEmpty(vars.userBearerToken)]">
        <logger level="ERROR" doc:name="Log Missing Token" message="Missing Authorization header. Please provide Bearer token for Monitoring APIs." />
        <set-payload value='#[output application/json --- {"error": true, "message": "Missing Authorization header. Please provide Bearer token in the format: Authorization: Bearer YOUR_TOKEN"}]' doc:name="Error Response" mimeType="application/json" />
        <set-variable value="401" doc:name="Set Status 401" variableName="httpStatus" />
      </when>
      <otherwise>
        <logger level="INFO" doc:name="Log Token Received" message="#[output application/java --- 'User Bearer token received for monitoring APIs: ' ++ (vars.userBearerToken splitBy ' ')[0] ++ ' [token hidden]']" />
      </otherwise>
    </choice>

    <!-- Authenticate with OAuth (for CloudHub API) -->
    <flow-ref doc:name="Authenticate" name="authenticate-anypoint-platform" />

    <!-- Clear Payload Before GET Request -->
    <set-payload value="#[null]" doc:name="Clear Payload" />

    <!-- Log Variables Before API Call -->
    <logger level="INFO" doc:name="Log API Request Variables" message="#[output application/java --- 'Calling Get Applications API with: orgId=' ++ vars.orgId ++ ', envId=' ++ vars.envId ++ ', authToken=' ++ vars.authToken]" />

    <!-- Prepare Headers for CloudHub API (uses OAuth token) -->
    <set-variable value='#[{"Authorization": "Bearer " ++ vars.authToken, "X-ANYPNT-ORG-ID": vars.orgId, "X-ANYPNT-ENV-ID": vars.envId}]' doc:name="Set Request Headers" variableName="requestHeaders" />

    <!-- Log Exact Headers -->
    <logger level="INFO" doc:name="Log Request Headers" message="#[output application/java --- 'Request Headers: ' ++ write(vars.requestHeaders, 'application/json')]" />

    <!-- Call Anypoint Platform API to List Applications -->
    <http:request method="GET" doc:name="Get Applications List" config-ref="Anypoint_Platform_API_Config" path="/cloudhub/api/v2/applications" sendBodyMode="NEVER">
      <http:headers>
        <![CDATA[#[output application/java --- vars.requestHeaders]]]>
      </http:headers>
    </http:request>

    <!-- Store Original Applications List -->
    <set-variable value="#[payload]" doc:name="Store Apps List" variableName="appsList" />

    <!-- Log Total Apps Retrieved -->
    <logger level="INFO" doc:name="Log Apps Retrieved" message="#[output application/java --- 'Total applications retrieved: ' ++ sizeOf(vars.appsList)]" />

    <!-- Filter Only STARTED (Deployed) Apps -->
    <set-payload value="#[
%dw 2.0
output application/json
---
vars.appsList filter ($.status == 'STARTED') map (app, index) -> {
    appName: app.domain,
    fullDomain: app.fullDomain,
    status: app.status,
    region: app.region,
    muleVersion: app.muleVersion.version default 'N/A',
    lastUpdateTime: app.lastUpdateTime,
    workers: {
        count: app.workers.amount,
        workerType: app.workers.'type'.name,
        vCoresPerWorker: app.workers.'type'.weight,
        totalVCores: app.workers.amount * app.workers.'type'.weight
    }
}]" doc:name="Filter and Transform Apps" mimeType="application/json" />

    <!-- Store Filtered Apps for Stats Retrieval -->
    <set-variable value="#[payload]" doc:name="Store Filtered Apps" variableName="filteredApps" />

    <!-- Initialize Stats Collection -->
    <set-variable value="#[output application/java --- []]" doc:name="Initialize Stats Array" variableName="appStatsCollection" />

    <!-- Prepare Headers for Monitoring APIs (uses User Bearer token) -->
    <set-variable value='#[{"Authorization": vars.userBearerToken, "X-ANYPNT-ORG-ID": vars.orgId, "X-ANYPNT-ENV-ID": vars.envId}]' doc:name="Set Monitoring API Headers" variableName="monitoringHeaders" />

    <!-- Log Monitoring Headers -->
    <logger level="INFO" doc:name="Log Monitoring Headers" message="#[output application/java --- 'Monitoring API Headers: ' ++ write(vars.monitoringHeaders, 'application/json')]" />

    <!-- Get Monitoring Stats for Each App -->
    <foreach doc:name="For Each App - Get Stats" collection="#[vars.filteredApps]" counterVariableName="appCounter">
      <set-variable value="#[payload.appName default 'unknown']" doc:name="Set Current App Name" variableName="currentAppName" />
      <set-variable value="#[payload.fullDomain default 'unknown']" doc:name="Set Current App Full Domain" variableName="currentAppFullDomain" />

      <logger level="INFO" doc:name="Log Stats Request" message="#[output application/java --- 'Fetching monitoring stats for app: ' ++ vars.currentAppName ++ ' (fullDomain: ' ++ vars.currentAppFullDomain ++ ')']" />

      <!-- Try to Get Monitoring Stats for This App -->
      <try doc:name="Try Get Stats">
        <!-- Step 1: Get CPU Usage from InfluxDB -->
        <set-payload value="#[null]" doc:name="Clear Payload" />
        <http:request method="GET" doc:name="Get CPU Stats" config-ref="Anypoint_Platform_API_Config" path="/monitoring/api/visualizer/api/datasources/proxy/70990/query" sendBodyMode="NEVER">
          <http:headers>
            <![CDATA[#[output application/java --- vars.monitoringHeaders]]]>
          </http:headers>
          <http:query-params>
            <![CDATA[#[output application/java
---
{
	"db": "\"dias_mule_7_prod\"",
	"q": "SELECT max(\"cpu\") FROM \"jvm.cpu.operatingsystem\" WHERE (\"org_id\" = '" ++ vars.orgId ++ "' AND \"env_id\" = '" ++ vars.envId ++ "' AND \"app_id\" = '" ++ vars.currentAppFullDomain ++ "') AND time >= now() - " ++ vars.timeRange ++ " GROUP BY time(" ++ vars.interval ++ "), \"worker_id\" fill(null) tz('America/New_York')",
	"epoch": "ms"
}]]]>
          </http:query-params>
        </http:request>

        <!-- Store CPU Response -->
        <set-variable value="#[payload]" doc:name="Store CPU Response" variableName="cpuResponse" />
        <logger level="INFO" doc:name="Log CPU Response" message="#[output application/java --- 'CPU stats retrieved for ' ++ vars.currentAppName]" />

        <!-- Step 2: Get Memory/Heap Usage from InfluxDB -->
        <set-payload value="#[null]" doc:name="Clear Payload" />
        <http:request method="GET" doc:name="Get Memory Stats" config-ref="Anypoint_Platform_API_Config" path="/monitoring/api/visualizer/api/datasources/proxy/70990/query" sendBodyMode="NEVER">
          <http:headers>
            <![CDATA[#[output application/java --- vars.monitoringHeaders]]]>
          </http:headers>
          <http:query-params>
            <![CDATA[#[output application/java
---
{
	"db": "\"dias_mule_7_prod\"",
	"q": "SELECT max(\"heap_used\") FROM \"jvm.memory\" WHERE (\"org_id\" = '" ++ vars.orgId ++ "' AND \"env_id\" = '" ++ vars.envId ++ "' AND \"app_id\" = '" ++ vars.currentAppFullDomain ++ "') AND time >= now() - " ++ vars.timeRange ++ " GROUP BY time(" ++ vars.interval ++ "), \"worker_id\" fill(null) tz('America/New_York');SELECT max(\"heap_total\") FROM \"jvm.memory\" WHERE (\"org_id\" = '" ++ vars.orgId ++ "' AND \"env_id\" = '" ++ vars.envId ++ "' AND \"app_id\" = '" ++ vars.currentAppFullDomain ++ "') AND time >= now() - " ++ vars.timeRange ++ " GROUP BY time(" ++ vars.interval ++ ") fill(null) tz('America/New_York')",
	"epoch": "ms"
}]]]>
          </http:query-params>
    </http:request>

        <!-- Store Memory Response -->
        <set-variable value="#[payload]" doc:name="Store Memory Response" variableName="memoryResponse" />
        <logger level="INFO" doc:name="Log Memory Response" message="#[output application/java --- 'Memory stats retrieved for ' ++ vars.currentAppName]" />

        <!-- Extract CPU and Memory Stats from InfluxDB Responses -->
        <ee:transform doc:name="Extract Stats from InfluxDB">
          <ee:message />
          <ee:variables>
            <ee:set-variable variableName="currentAppStats">
              <![CDATA[%dw 2.0
output application/java
---
do {
    var cpuResult = vars.cpuResponse.results[0].series default []
    var memHeapUsedResult = vars.memoryResponse.results[0].series default []
    var memHeapTotalSeries = vars.memoryResponse.results[1].series default []
    var heapTotal = if (!isEmpty(memHeapTotalSeries) and memHeapTotalSeries[0].values[0][1] != null) 
                        memHeapTotalSeries[0].values[0][1] 
                    else 0
    
    // Extract all CPU values across all workers
    var allCpuVals = flatten(cpuResult map ((series) -> 
        series.values map ((val) -> [val[0], val[1], series.tags.worker_id])
    )) filter ((item) -> item[1] != null)
    
    // Extract all memory values across all workers  
    var allMemVals = flatten(memHeapUsedResult map ((series) -> 
        series.values map ((val) -> [val[0], val[1], series.tags.worker_id])
    )) filter ((item) -> item[1] != null)
    
    // Group by worker_id for per-worker metrics
    var cpuByWorker = cpuResult groupBy ((series) -> series.tags.worker_id)
    var memByWorker = memHeapUsedResult groupBy ((series) -> series.tags.worker_id)
    
    // Calculate aggregate peaks
    var cpuPeak = do {
        var maxCpu = if (!isEmpty(allCpuVals))
                        (allCpuVals filter ((val) -> val[1] != null) maxBy ((val) -> val[1]))
                     else null
        ---
        if (maxCpu != null) {
            value: ((maxCpu[1] * 100) as Number {format: "0.##"}) as String ++ "%",
            timestampRaw: maxCpu[0],
            timestampFormatted: ((maxCpu[0] as Number / 1000) as DateTime) as String {format: "yyyy-MM-dd HH:mm:ss"}
        } else {
            value: 'N/A',
            timestampRaw: 'N/A',
            timestampFormatted: 'N/A'
        }
    }
    
    var memoryPeak = do {
        var maxMem = if (!isEmpty(allMemVals))
                        (allMemVals filter ((val) -> val[1] != null) maxBy ((val) -> val[1]))
                     else null
        ---
        if (maxMem != null) {
            valueMB: ((maxMem[1] / 1048576) as Number {format: "0.##"}) as String,
            timestampRaw: maxMem[0],
            timestampFormatted: ((maxMem[0] as Number / 1000) as DateTime) as String {format: "yyyy-MM-dd HH:mm:ss"}
        } else {
            valueMB: 'N/A',
            timestampRaw: 'N/A',
            timestampFormatted: 'N/A'
        }
    }
    
    // Build per-worker metrics
    var workerMetrics = (keysOf(cpuByWorker) default []) map ((workerId) -> do {
        var workerCpuSeries = cpuByWorker[workerId][0]
        var workerMemSeries = memByWorker[workerId][0]
        
        var workerCpuVals = workerCpuSeries.values filter ((val) -> val[1] != null)
        var workerMemVals = workerMemSeries.values filter ((val) -> val[1] != null)
        
        var cpuMax = if (!isEmpty(workerCpuVals))
                        (workerCpuVals maxBy ((val) -> val[1]))
                     else null
        var memMax = if (!isEmpty(workerMemVals))
                        (workerMemVals maxBy ((val) -> val[1]))
                     else null
        ---
        {
            workerIndex: workerId,
            workerId: workerId,
            cpuPeak: if (cpuMax != null) {
                value: ((cpuMax[1] * 100) as Number {format: "0.##"}) as String ++ "%",
                timestampRaw: cpuMax[0],
                timestampFormatted: ((cpuMax[0] as Number / 1000) as DateTime) as String {format: "yyyy-MM-dd HH:mm:ss"}
            } else {
                value: 'N/A',
                timestampRaw: 'N/A',
                timestampFormatted: 'N/A'
            },
            memoryPeak: if (memMax != null) {
                valueMB: ((memMax[1] / 1048576) as Number {format: "0.##"}) as String,
                timestampRaw: memMax[0],
                timestampFormatted: ((memMax[0] as Number / 1000) as DateTime) as String {format: "yyyy-MM-dd HH:mm:ss"}
            } else {
                valueMB: 'N/A',
                timestampRaw: 'N/A',
                timestampFormatted: 'N/A'
            },
            memoryTotalMB: if (heapTotal != null and heapTotal > 0)
                            ((heapTotal / 1048576) as Number {format: "0.##"}) as String
                           else 'N/A'
        }
    })
    ---
    {
        appName: vars.currentAppName,
        aggregateCpuPeak: cpuPeak,
        aggregateMemoryPeak: memoryPeak,
        workers: workerMetrics
    }
}]]>
            </ee:set-variable>
          </ee:variables>
        </ee:transform>

        <!-- Add to Collection -->
        <set-variable value="#[output application/java --- vars.appStatsCollection ++ [vars.currentAppStats]]" doc:name="Add Stats to Collection" variableName="appStatsCollection" />

        <logger level="INFO" doc:name="Log Stats Retrieved" message="#[output application/java --- 'Stats retrieved for ' ++ vars.currentAppName ++ ': Aggregate CPU Peak=' ++ (vars.currentAppStats.aggregateCpuPeak.value default 'N/A') ++ ', Workers=' ++ sizeOf(vars.currentAppStats.workers)]" />

        <error-handler>
          <on-error-continue enableNotifications="false" logException="false" doc:name="On Error Continue" type="ANY">
            <logger level="WARN" doc:name="Log Stats Error" message="#[output application/java --- 'Could not retrieve monitoring stats for ' ++ vars.currentAppName ++ ': ' ++ (error.description default 'Unknown error')]" />

            <!-- Add N/A stats for failed request -->
            <set-variable value="#[output application/java --- {
                        appName: vars.currentAppName,
                        aggregateCpuPeak: {value: 'N/A', timestampRaw: 'N/A', timestampFormatted: 'N/A'},
                        aggregateMemoryPeak: {valueMB: 'N/A', timestampRaw: 'N/A', timestampFormatted: 'N/A'},
                        workers: []
                    }]" doc:name="Set N/A Stats" variableName="currentAppStats" />

            <set-variable value="#[output application/java --- vars.appStatsCollection ++ [vars.currentAppStats]]" doc:name="Add N/A Stats to Collection" variableName="appStatsCollection" />
          </on-error-continue>
        </error-handler>
      </try>
    </foreach>

    <!-- Build Final Response with Apps and Statistics -->
    <set-payload value="#[
%dw 2.0
output application/json
var deployedApps = vars.filteredApps
var statsMap = (vars.appStatsCollection filter ((stat) -> stat.appName != null)) groupBy $.appName
---
{
    summary: {
        totalApplications: sizeOf(vars.appsList),
        deployedApplications: sizeOf(deployedApps),
        totalVCores: sum(deployedApps.workers.totalVCores),
        timeRange: vars.timeRange,
        groupByInterval: vars.interval
    },
    applications: deployedApps map (app, index) -> do {
        var appStats = statsMap[app.appName][0] default {
            aggregateCpuPeak: {value: 'N/A', timestampRaw: 'N/A', timestampFormatted: 'N/A'},
            aggregateMemoryPeak: {valueMB: 'N/A', timestampRaw: 'N/A', timestampFormatted: 'N/A'},
            workers: []
        }
        ---
        {
            appName: app.appName,
            status: app.status,
            region: app.region,
            muleVersion: app.muleVersion,
            lastUpdateTime: app.lastUpdateTime,
            workers: app.workers,
    metrics: {
                aggregateCpuPeak: {
                    value: appStats.aggregateCpuPeak.value,
                    timestampRaw: appStats.aggregateCpuPeak.timestampRaw,
                    peakTime: appStats.aggregateCpuPeak.timestampFormatted
                },
                aggregateMemoryPeak: {
                    valueMB: appStats.aggregateMemoryPeak.valueMB,
                    timestampRaw: appStats.aggregateMemoryPeak.timestampRaw,
                    peakTime: appStats.aggregateMemoryPeak.timestampFormatted
                },
                workerMetrics: appStats.workers map (worker) -> {
                    workerIndex: worker.workerIndex,
                    workerId: worker.workerId,
                    cpuPeak: {
                        value: worker.cpuPeak.value,
                        timestampRaw: worker.cpuPeak.timestampRaw,
                        peakTime: worker.cpuPeak.timestampFormatted
                    },
                    memoryPeak: {
                        valueMB: worker.memoryPeak.valueMB,
                        timestampRaw: worker.memoryPeak.timestampRaw,
                        peakTime: worker.memoryPeak.timestampFormatted
                    },
                    memoryTotalMB: worker.memoryTotalMB
                }
            }
        }
    }
}]" doc:name="Build Final Response" mimeType="application/json" />
    
    <!-- Error Handler -->
    <error-handler>
      <on-error-propagate enableNotifications="true" logException="true" doc:name="On Error Propagate">
        <logger level="ERROR" doc:name="Log Error Details" message="#[output application/java --- 'ERROR: ' ++ (error.description default 'Unknown') ++ ' | Error Type: ' ++ (error.errorType.identifier default 'UNKNOWN')]" />
        <set-payload value='#[output application/json --- {"error": true, "message": error.description default "An error occurred while fetching applications", "details": error.detailedDescription default ""}]' doc:name="Error Response" mimeType="application/json" />
      </on-error-propagate>
    </error-handler>
  </flow>
  
</mule> 