<?xml version="1.0" encoding="UTF-8"?>
<Configuration status="WARN">
  <Appenders>
      <Console name="Console" target="SYSTEM_OUT">
          <PatternLayout pattern="%d{HH:mm:ss.SSS} [%t] %-5level %logger{36} - %msg%n" />
      </Console>
  </Appenders>
  <Loggers>
      <Root level="INFO">
          <AppenderRef ref="Console" />
      </Root>
      <!-- Configure specific logger levels here -->
      <Logger name="org.mule.anypoint-apps-monitor" level="DEBUG" />
  </Loggers>
</Configuration> 